Review #,Brand,Variety,Style,Country,Stars,Re-Review
1,Westbrae,Miso Ramen,Pack,USA,0.5,
2,Wai Wai,Tom Yum Chili Flavor,Pack,Thailand,2,
3,Wai Wai,Tom Yum Shrimp,Pack,Thailand,2,
4,Wai Wai,Oriental Style Instant Noodles,Pack,Thailand,1,
5,Vifon,"Hu Tiu Nam Vang [""Phnom Penh"" style] Asian Style Instant Rice Noodles",Bowl,Vietnam,3.5,
6,Vifon,Nam Vang,Pack,Vietnam,2.5,
7,Ve Wong,Mushroom Pork,Pack,Vietnam,1,
8,Tung-I,Chinese Beef Instant Rice Noodle,Pack,Taiwan,3,
9,Sutah,Cup Noodle,Cup,Korea,2,
10,Smack,Vegetable Beef,Pack,USA,1.5,
11,Six Fortune,Chicken Flavor Instant Soup Noodle,Pack,Korea,2,
12,Sapporo Ichiban,Shrimp Flavor,Pack,Japan,2.5,
13,Sapporo Ichiban,Chow Mein,Pack,Japan,3.5,2
14,Samyang,Hot,Pack,Korea,3.5,
15,Samyang,Pojangmacha U-dong,Pack,Korea,2.5,
16,Samyang,Kalgug-Su (Spicy),Pack,Korea,3.5,
17,Quickchow,Pancit Palabok,Pack,Philippines,2.5,1
18,Ottogi,Jin Ramen (Hot Taste),Pack,Korea,3,1
19,Nongshim,Shin Ramyun,Pack,Korea,3,2
20,Nongshim,Neoguri (Seafood'n'Spicy),Pack,Korea,2,2
21,Nongshim,Champong Oriental Noodles,Pack,Korea,2,1
22,Nongshim,Ansungtangmyun Noodle Soup,Pack,Korea,3,1
23,Nissin,Top Ramen Creamy Chicken,Pack,USA,4.5,
24,Nissin,Demae Ramen Spicy Seafood With Chili Pepper,Pack,Japan,2,
25,Nissin,Demae Ramen Spicy Flavor,Pack,Japan,3,
26,Nissin,Soba Noodles With Mayo Mustard Squirt,Pack,Japan,4,
27,Nissin,Demae Ramen Curry Flavor,Pack,Japan,4,
28,Nissin,Chikin Ramen,Pack,Japan,5,
29,Mee Jang,Tom Yum Shrimp,Bowl,Thailand,3.5,
30,Myojo,Special Duck,Pack,Japan,1,
31,Myojo,Ippeichan Yakisoba,Tray,Japan,4,
32,Koka,Mi Hai Cua Crab Flavor,Pack,Singapore,3.5,
33,Koka,Mi Hai Tom Prawn,Pack,Singapore,3.5,1
34,Maruchan,Ramen Noodle Soup Shrimp,Pack,USA,2,
35,Mama,Chand Clear Soup,Pack,Thailand,3,
36,Lucky Me!,Itnok,Pack,Philippines,3,
37,Lucky Me!,Pancit Canton Hot Chili Flavor,Pack,Philippines,3,
38,Lucky Me!,Pancit Canton Citrus Flavor,Pack,Philippines,3,
39,Lucky Me!,Supreme Bulalo Flavor,Bowl,Philippines,3,
40,Lucky Me!,Pancit Canton Chili Mansi,Pack,Philippines,3,
41,Little Cook,Pork Mustard Stem,Bowl,Thailand,0.5,
42,Ve Wong,Kung-Fu Chicken Flavor,Pack,Vietnam,1,1
43,Kim Ve Wong,Jaopai Series: Vegetarian Instant Noodles,Bowl,Taiwan,0,
44,Indomie,Special Chicken,Pack,Indonesia,4,2
45,Indomie,Mi Goreng Sate,Pack,Indonesia,5,1
46,Indomie,Mi Goreng Jumbo Meatball,Pack,Indonesia,3,
47,Indomie,Mi Goreng Jumbo Barbecue Chicken,Pack,Indonesia,4,1
48,Indomie,Shrimp Flavor,Pack,Indonesia,3,
49,Indomie,Mi Goreng Pedas Hot,Pack,Indonesia,4,1
50,Indomie,Mi Goreng,Pack,Indonesia,4,1
51,Indomie,Curly Noodles With Grilled Chicken,Pack,Indonesia,5,2
52,Indomie,Chicken Curry,Pack,Indonesia,4,2
53,Indomie,Chicken,Cup,Indonesia,2,
54,Hua Feng Noodle Expert,Spicy Seafood Flavor,Pack,China,3,
55,Hua Feng Noodle Expert,Favoury Pork Flavor,Pack,China,1,
56,Doll,Instant Noodles With Sesame Oil & Soup Base,Pack,Hong Kong,1,
57,Doll,Instant Fried Noodles With Chili Sauce,Tray,Hong Kong,3,
58,Ve Wong,A-One Bun Tom Shrimp,Pack,Taiwan,3,
59,Maggi,Chinese Noodles Lemon Chicken Flavor,Pack,India,3.5,
60,Maggi,Vegetable Atta Noodles Masala,Pack,India,2,
61,Maggi,2 Minute Noodles Curry,Pack,India,2.5,
62,Maggi,Rice Noodle Mania Lemon Masala,Pack,India,1.5,
63,Nissin,Souper Meal Chicken Flavor With Vegetable Medley,Bowl,Japan,3,
64,Sapporo Ichiban,Chicken Flavor,Pack,USA,3.5,
65,Nissin,Top Ramen Oriental,Pack,USA,2.5,
66,Maruchan,Ramen Noodle Soup Pork,Pack,USA,2.45,1
67,Maruchan,Ramen Noodle Soup Lime Chili Shrimp,Pack,USA,2,
68,Wei Lih,Jah Jan Mien Instant Noodle With Fried Soybean Paste,Pack,Taiwan,2.4,1
69,Baijia,Spicy Fei- Chang Sweet Potato Noodle,Pack,China,1.75,
70,Nissin,Demae Ramen XO Sauce Seafood,Pack,Japan,4,
71,Nissin,Demae Ramen Satay,Pack,Japan,2.5,
72,Nissin,Demae Ramen Tonkatsu Artificial Pork,Pack,Japan,3.5,
73,Nissin,Demae Ramen Five Spices Artificial Beef,Pack,Japan,3.5,
74,Nissin,Demae Ramen Shoyu,Pack,Japan,4,
75,Indomie,Mi Goreng Rendang,Pack,Indonesia,4.5,
76,Indomie,Meatball Flavor,Pack,Indonesia,2.5,
77,Nissin,Demae Ramen Prawn,Pack,Japan,3.25,
78,Nissin,Demae Ramen Seafood,Pack,Japan,2.5,
79,Sapporo Ichiban,Kitsune Udon,Pack,Japan,3.25,
80,Unif / Tung-I,Artificial Chicken,Pack,Taiwan,3.5,
81,Unif / Tung-I,Artificial Spicy Beef,Pack,Taiwan,3.5,
82,Nissin,Demae Ramen Miso,Pack,Japan,2.75,
83,Nissin,Demae Ramen Spicy Flavor,Pack,Japan,2,
84,Samyang,Kalgug-Su Assorted Clam,Pack,Korea,1.8,
85,Nissin,Demae Ramen Sesame,Pack,Japan,1.75,1
86,Unif / Tung-I,Onion Flavor,Pack,Taiwan,3.65,
87,Wai Wai,Tom Yum Shrimp Cream Soup,Pack,Thailand,2.75,
88,Paldo,Korean Noodle Chicken,Pack,Korea,3.25,1
89,Unif,100 Artificial Stewed Pork Chop,Pack,Taiwan,3.2,
90,Long Kow,Crystal Noodle Six Kinds Of Mushrooms,Pack,China,2.3,
91,Binh Tay,Mi Chay Mushroom,Pack,Vietnam,2.75,
92,Fashion Food,Tom Yum Seafood Creamy,Bowl,Thailand,2,
93,Payless,Xtra Big Original Pancit Canton,Pack,Philippines,4.5,1
94,Mama,Artificial Chicken,Pack,Thailand,2.5,
95,Wei Lih,Artificial Beef Flavor,Pack,Taiwan,1,
96,Saigon Ve Wong,Kung Fu Artificial Pork Flavor,Pack,Vietnam,3.75,
97,Saigon Ve Wong,Kung Fu Mi Tom Chua Sour Shrimp,Pack,Vietnam,2.5,
98,Unif / Tung-I,Chah Chiang,Pack,Taiwan,2.5,
99,Ve Wong,Kung Fu Artificial Onion,Pack,Taiwan,2.75,
100,Unif / Tung-I,Artificial Chinese Beef,Pack,Taiwan,2.85,
101,Ve Wong,Artificial Sesame Chicken,Pack,Taiwan,3.8,
102,Indomie,Soto Mie,Pack,Indonesia,1.5,
103,Ve Wong,Vegetarian Flavor,Pack,Taiwan,3,
104,Maruchan,Ramen Noodle Soup Chicken,Pack,USA,2,
105,Indomie,Special Fried Curly Noodle,Pack,Indonesia,5,
106,GreeNoodle,Tom Yum,Pack,Thailand,0.5,
107,Ottogi,Pow Crunch Teriyaki,Pack,Korea,1.1,
108,Teriyaki Time,Ramen,Bowl,USA,2,
109,Mama,Pad Thai,Pack,Thailand,3.1,
110,Lucky Me!,Artificial Chicken,Pack,Philippines,1.5,
111,Ottogi,Odongtongmyon Seafood Spicy,Pack,Korea,3.25,
112,Ottogi,Jiajang Noodle,Pack,Korea,3.75,
113,Nongshim,Hooroorook ,Pack,Korea,3.1,1
114,Samyang,Kimchi,Pack,Korea,2.9,
115,Ottogi,Miso Ramyun,Pack,Korea,2.8,
116,Mama,Nam Vang,Pack,Thailand,3.6,
117,Ottogi,Ramyonsari,Pack,Korea,4,1
118,Paldo,Bibim Men,Pack,Korea,2.5,1
119,Ve Wong,Artificial Pork & Chicken,Pack,Taiwan,3.4,
120,Samyang,Beef,Pack,Korea,2,1
121,Ottogi,Bekse Curry,Pack,Korea,3.5,1
122,Doll,Shrimp Wonton,Pack,Hong Kong,4,
123,Wai Wai,Minced Pork Soeng Kreung,Pack,Thailand,3.7,
124,Nissin,Yakisoba With Mayonnaise/Mustard Packet,Tray,Japan,5,
125,Shirakiku,Japanese Style Tokusen Karami,Pack,Japan,3,
126,Mama,Tom Yam Koong Rice Vermicelli,Pack,Thailand,1.5,
127,Vifon,Mi Chay Vegetarian,Pack,Vietnam,2.8,
128,Mama,Artificial PA-LO Duck,Pack,Thailand,0.1,
129,Nongshim,Mupama Tang Myun,Pack,Korea,2.8,1
130,Sapporo Ichiban,Miso Soybean Paste,Pack,Japan,3.5,
131,Unif,100 Artificial Shallot Chicken,Pack,Taiwan,3.25,
132,Ve Wong,Artificial Peppered Beef,Pack,Taiwan,3.5,
133,Baijia,Hot & Sour Rice Noodle,Pack,China,0,
134,Global Inspiration,Gyeong-Gi-Do Rice,Bowl,Korea,2.25,
135,Unif / Tung-I,Fresh Shrimp,Pack,Taiwan,3.25,
136,Mama,Shrimp Creamy Tom Yum,Pack,Thailand,2,1
137,Nissin,Bowl Noodles Rich & Savory Chicken,Bowl,USA,1.75,
138,Unif,100 Furong Shrimp,,Taiwan,3,
139,Kamfen,Noodle King Beef,Pack,China,1.75,
140,Mama,Mi Goreng,Pack,Thailand,5,
141,Six Fortune,Seafood Flavor,Pack,Korea,2.5,
142,Nissin,Chow Mein Teriyaki Beef,Tray,USA,4.5,
143,Mama,Mamy Chand Clear Soup,Pack,Thailand,2.75,
144,Nongshim,Kimchi Ramyun,Pack,Korea,3.5,
145,Sakurai,Vegetarian Flavor,Pack,Japan,3.5,
146,Mama,Pho Bo,Pack,Thailand,2.5,
147,Higashi,Nagasaki Sara Udon,Pack,Japan,5,
148,Myojo,Okinawa Soba,Pack,Japan,3.75,
149,Maruchan,Akai Kitsune Udon,Bowl,Japan,4,
150,Chorip Dong,Jjambbong Hot Spicy Seafood,Bowl,Korea,4.25,
151,Shirakiku,Japanese Style Tokusen Miso,Pack,Japan,3,
152,Wu Mu,Steamed Noodle Garlic & Sesame Oil,Pack,Taiwan,4.5,
153,Sapporo Ichiban,Shrimp Flavor,Cup,USA,1.75,
154,Nissin,Creamy Chicken,Cup,USA,1.75,
155,Lucky Me!,Pancit Canton,Pack,Philippines,4.75,
156,Maruchan,Instant Lunch Cajun Style With chili Piquin Shrimp,Cup,USA,3,
157,Nissin,Sotanghon,Cup,Philippines,2,
158,Mama,Jok Cup Porridge Artificial Pork,Cup,Thailand,2.5,
159,Mama,Hot & Spicy,Pack,Thailand,1.75,
160,Myojo,Ramen Desse Soy Sauce,Bowl,Japan,1.5,
161,Paldo,Green Tea Chlorella,Pack,Korea,0,
162,Myojo,Chukazanmai Oriental,Pack,Japan,3.75,
163,Vifon,Asian Style Instant Noodles Chicken,Pack,Vietnam,3.5,
164,Unif / Tung-I,Artificial Beef Flavor,Pack,Taiwan,3.75,
165,Doll,Sesame Oil,Pack,Hong Kong,3.5,
166,Koyo,Garlic Pepper,Pack,USA,3.25,
167,Wai Wai,Crab Instant Rice Vermicelli,Pack,Thailand,2.5,
168,JFC,Japanese Style Noodle Fresh Udon,Bowl,Japan,3.75,
169,Samyang,Seafood Party,Pack,Korea,2.25,
170,Myojo,Chukazanmai Soybean Paste,Pack,Japan,3.5,
171,Samyang,Japanese Seafood Flavor Udon,Pack,Korea,3.75,
172,Mama,Flat Noodle Tom Yum,Pack,Thailand,3.75,
173,Unif / Tung-I,Instant Bean Vermicelli Shrimp,Pack,Taiwan,1.5,
174,Lucky Me!,Sotanghon Artificial Chicken,Pack,Philippines,0.25,
175,Samyang,Cold Ramen With Ponytail Radish,Pack,Korea,3,
176,Paldo,Dosirac Pork,Tray,Korea,4.125,
177,Vifon,Hu Tieu Bo Kho An Lien Beef,Pack,Vietnam,3.75,
178,Mama,Oriental Style Clear Soup,Pack,Thailand,2,
179,Mama,Kimchi,Pack,Thailand,3,
180,Myojo,Hyobanya No Yakisoba Sauce Flavor,Tray,Japan,4.75,
181,Kamfen,Noodle King Thin Wonton,Pack,China,2,
182,Myojo,Chukazanmai Soy Sauce chili Oil,Pack,Japan,3.25,
183,Nissin,Bowl Noodles Hot & Spicy Chicken,Bowl,USA,2,
184,Myojo,Chukazanmai Soy Sauce,Pack,Japan,3.75,
185,Shirakiku,Sanukiya Udon,Bowl,Japan,3.75,
186,Paldo,Teumsae Ramyun,Pack,Korea,3,1
187,Paldo,Hwa Ramyun Soy Peptide,Pack,Korea,4.25,1
188,Nongshim,Udon,Pack,Korea,4,
189,Nissin,Cup Noodles Manchurian,Cup,India,3,
190,Maggi,Perencah Tom Yam,Pack,Malaysia,2.9,
191,Wu Mu,Steamed Noodle Chinese Herbs,Pack,Taiwan,3.25,
192,Paldo,Soy Flavor Noodle,Pack,Korea,4.1,1
193,Boss,Shrimp Tom Yum Flavor,Bowl,Thailand,2.5,
194,Saigon Ve Wong,Kung Fu Instant Rice Noodles Artificial Chicken,Pack,Vietnam,3.5,
195,Myojo,Chukazanmai Served Cool Sesame Flavored Rice Vinegar Sesame,Pack,Japan,3,
196,Nissin,Cup Noodles Pani Puri,Cup,India,1.5,
197,Rhee Bros Assi,Rice Noodle With Spicy Flavored Soup,Tray,Korea,2.25,
198,Shirakiku,Sanukiya Somen,Bowl,Japan,4.25,
199,Samyang,Chinese Soybean Paste,Pack,Korea,2,
200,Nongshim,Bowl Noodle Spicy Chicken,Bowl,USA,4.5,
201,Nongshim,Bowl Noodle Beef Ginger,Bowl,USA,3.5,
202,Nongshim,Bowl Noodle Cabbage Kimchi,Bowl,USA,3.25,
203,Nongshim,Bowl Noodle Hot & Spicy,Bowl,USA,2,
204,Nongshim,Bowl Noodle Spicy Shrimp,Bowl,USA,2.5,
205,Sapporo Ichiban,Beef Flavor,Pack,USA,4.5,
206,Bon Go Jang,Deuchi Udon,Bowl,Korea,3,
207,Sapporo Ichiban,Original Flavor,Pack,USA,3.5,1
208,Sao Tao,Ramen King Scallop Seafood,Pack,China,4.25,
209,Nissin,Souper Meal Beef Flavor Minestrone,Bowl,USA,3,
210,Rocket Brand,Satoimo Noodles,Pack,China,2.5,
211,Vina Acecook,Kingcook Tomato Sauce Pork,Tray,Vietnam,3.5,
212,Maruchan,Yakisoba Roast chicken,Tray,USA,3.75,
213,Nongshim,Bowl Noodle Spicy Artificial Lobster,Bowl,USA,4,
214,Maruchan,Yakisoba Teriyaki Beef,Tray,USA,2,
215,Maruchan,Yakisoba Chicken,Tray,USA,2,
216,Maruchan,Instant Lunch Roast Chicken Flavor,Cup,USA,2.75,
217,Samyang,Bowl Noodle Kimchi,Bowl,Korea,4,
218,Maruchan,Yakisoba Sweet & Sour Chicken,Tray,USA,3,
219,Six Fortune,Tom Yam Instant soup Noodle,Pack,Korea,2.75,
220,Wei Lih,Good Good Eat Super Ramen Original,Pack,Taiwan,3,
221,Nissin,Top Ramen Beef,Pack,USA,3.75,1
222,Myojo,Udon Crab,Pack,Japan,3,
223,Koka,Laksa Singapura,Bowl,Singapore,4.25,
224,Mama,Instant Bowl Noodles Artificial Pork,Bowl,Thailand,2.75,
225,Ottogi,Snack Ramyon,Pack,Korea,3.75,
226,Nissin,Chow Noodles Cheddar Cheese,Tray,USA,4,
227,Quickchow,Bihon Guisado Rice Noodle,Pack,Philippines,1.75,
228,Vifon,Pho Ga Instant rice Noodle,Bowl,Vietnam,2,
229,Myojo,Udon Chicken,Pack,Japan,3.75,
230,Lucky Me!,Supreme Instant Mami Noodles With Free Crackers,Bowl,Philippines,3.75,
231,Indomie,Onion Chicken,Pack,Indonesia,4.5,1
232,Indomie,Mi Goreng Jumbo Beef,Pack,Indonesia,5,
233,Koka,Tom Yum Rice Noodles,Bowl,Singapore,3.25,1
234,Myojo,Udon Shrimp,Pack,Japan,3.75,
235,Koka,Curry,Pack,Singapore,4.25,1
236,Koka,Spicy Sesame,Pack,Singapore,5,1
237,Koka,Spicy Seafood Marinara,Bowl,Singapore,3,
238,Nissin,Chow Noodles Tomato Basil,Bowl,USA,4,
239,Ottogi,Ppushu Ppushu Sweet & Sour,Pack,Korea,1.75,
240,Sanyo Foods,Aunt Mentaiko Durum Spaghetti,Bowl,Japan,4.5,
241,Fu Chang Chinese Noodle Company,Hot & Spicy Beef,Tray,USA,4,
242,Fashion Foods,Tom Klong,Bowl,Thailand,2,
243,Myojo,Udon Hot & Spicy,Pack,Japan,4.5,
244,Nissin,Karashi Mayo Yakisoba,Tray,Japan,4.75,
245,Six Fortune,Broad Noodles,Pack,Korea,3.75,
246,Mama,Artificial Pork Jumbo,Pack,Thailand,3,
247,Myojo,Udon Mushroom,Pack,Japan,3,
248,Koka,Tomato,Pack,Singapore,4,1
249,Unif,100 Artificial Spicy Beef,Pack,Taiwan,3.75,
250,Wu Mu,Steamed Noodle Sesame Oil,Pack,Taiwan,3.75,
251,Fortune,Udon Beef,Pack,USA,3.5,
252,Fortune,Udon Chicken,Pack,USA,3.25,
253,Nongshim,Bowl Noodle Spicy Seafood,Bowl,USA,4.25,
254,Vina Acecook,Daily Hot & Spicy Tom Yun,Pack,Vietnam,4,
255,Mama,Oriental Kitchen Spicy Seafood,Cup,Thailand,3.75,
256,Nissin,Cup Noodles Shrimp,Cup,USA,3.5,
257,Nissin,Cup Noodles Beef,Cup,USA,3.5,
258,Royal Umbrella,Tom Yum Shrimp,Cup,Thailand,3.25,
259,Vina Acecook,Mi Lau Thai Seafood,Pack,Vietnam,4,
260,Nissin,Bowl Noodles Hot & Spicy Shrimp,Bowl,USA,3.5,
261,Vina Acecook,Oh! Ricey Chicken,Pack,Vietnam,3.75,
262,Vina Acecook,Daily Beef Ball,Pack,Vietnam,3.75,
263,Nissin,Chow Mein Kung Pao Chicken,Tray,USA,1.5,
264,Vina Acecook,Hao Hao Sour Hot Shrimp,Pack,Vietnam,3.75,
265,Nissin,Cup Noodles Chicken,Cup,USA,3.5,
266,Vina Acecook,Mi Lau Thai Shrimp,Pack,Vietnam,4,
267,Mama,Pork,Cup,Thailand,2,
268,Nissin,Cup Noodles Spicy Chile Chicken,Cup,USA,3.5,
269,Paldo,Spicy Shrimp Bowl,Bowl,Korea,3.5,
270,Wu Mu,Dried Noodle With BBQ Pork,Pack,Taiwan,2,
271,Paldo,Korean Noodle Kimchi Flavor,Pack,Korea,3.5,
272,Vina Acecook,Mi Lau Thai Artificial Chicken,Pack,Vietnam,3.5,
273,Wai Wai,Minced Pork Tom Yum,Pack,Thailand,2.5,
274,Ve Wong,Kung Fu Artificial Soybean Paste,Pack,Taiwan,4,
275,Mama,Cup Shrimp Tom Yum Flavor,Cup,Thailand,3.75,
276,Wai Wai,Chili Paste Tom Yum,Pack,Thailand,3.25,
277,Vina Acecook,Oh! Ricey Beef Rice Noodles,Pack,Vietnam,4,
278,Fortune,Udon Mushroom,Pack,USA,3,
279,Rhee Bros Assi,Rice Noodles Seafood,Tray,Korea,3.75,
280,Rhee Bros Assi,Rice Noodle Katsuo,Tray,Korea,4,
281,Mama,Oriental Kitchen Hot Spicy,Cup,Thailand,3,
282,Doll,Pickled Vegetable,Pack,Hong Kong,4.25,
283,Paldo,King Cup Kimchi Pot Stew,Cup,Korea,4,1
284,Nissin,Cup Noodles Seafood,Cup,Hong Kong,4.5,
285,Doll,Artificial Chicken,Pack,Hong Kong,4.5,
286,Myojo,Hyoubanya No Yakisoba Oriental,Tray,Japan,4,
287,Paldo,King Cup Lobster,Cup,Korea,3.5,1
288,Saigon Ve Wong,Kung Fu Artificial Beef Rice Noodle,Pack,Korea,3.25,
289,Paldo,Korean Broad Noodle,Pack,Korea,2,
290,Doll,Spicy Artificial Beef,Pack,Hong Kong,3,
291,Nongshim,Shin Bowl,Bowl,Korea,3,
292,Paldo,Korean U Dong,Pack,Korea,3.75,
293,Tiger,Onion Flaver Rice Noodle,Bowl,Taiwan,0,
294,Paldo,Korean Seafood,Pack,Korea,3.75,1
295,Tablemark,Soybean Paste,Bowl,Japan,4.5,
296,Nissin,Cup Noodles Crab,Cup,Hong Kong,3.25,
297,Rhee Bros Assi,Rice Noodle Hot & Spicy Kimchi,Tray,Korea,3.25,
298,Nongshim,Hearty Rice Noodle Spicy Veggie Consomme,Pack,Korea,2.75,
299,Lucky Me!,Supreme Sotanghon Artificial Chicken Vermicelli ,Bowl,Philippines,3.75,
300,Wu Mu,Steam Spinach Ramen With Onion,Pack,Taiwan,5,
301,Dragonfly,Guilin Style Rice Vermicelli,Bowl,China,4.5,
302,Samyang,Bowl Noodle Picante Beef,Bowl,Korea,3.75,
303,Paldo,Dosirac Artificial Chicken,Tray,Korea,3.25,
304,Mama,Pho Bo Rice Noodle Artificial Beef,Bowl,Thailand,3.5,
305,Lucky Me!,Supreme Special Beef Carne De Vaca,Bowl,Philippines,3.75,
306,Rhee Bros Assi,Rice Noodle Anchovy Flavor,Tray,Korea,3.75,
307,Royal Umbrella,Vegetarian Tom Yum,Cup,Thailand,2.75,
308,Tradition,Imitation Chicken Vegetarian,Pack,USA,3.75,
309,Paldo,Dosirac Beef,Tray,Korea,3.75,
310,Lucky Me!,La Paz Batchoy Beef,Pack,Philippines,2.5,
311,Vifon,Tasty Mushroom,Pack,Vietnam,2,
312,Lucky Me!,Supreme Bulalo Artificial Bone Marrow,Bowl,Philippines,1.75,
313,Paldo,Dosirac Shrimp,Tray,Korea,4.25,
314,Paldo,Dosirac Mushroom,Tray,Korea,2.5,
315,Unif,Super Bowl Artificial Spicy Beef,Bowl,Taiwan,2.75,
316,Unif,Super Bowl Artificial Stewed Pork Chop,Bowl,Taiwan,3.5,
317,Maruchan,Yakisoba Cheddar Cheese,Tray,USA,4,
318,Unif,Super Bowl Artificial Pickled Chilli Beef,Bowl,Taiwan,3.25,
319,Maruchan,Ramen Noodle Soup Oriental,Pack,USA,4,1
320,Maruchan,Ramen Noodle Soup Spicy Picante Chicken,Pack,USA,4,
321,Little Cook,TVP Spicy Beef,Bowl,Thailand,4.75,
322,Unif,Shrimp Fish,Bowl,Taiwan,3.75,
323,Ottogi,Jin Ramen (Hot),Cup,Korea,3.5,
324,Nongshim,Big Bowl Spicy Shrimp,Bowl,Korea,3.5,
325,Mee Jang,Artificial Pork,Bowl,Thailand,3.5,
326,Little Cook,TVP Curry Chicken,Bowl,Thailand,4,
327,Gomex,3 Mien Mi Tom Hum Lobster,Pack,Vietnam,3.5,
328,Nongshim,Big Bowl Udon,Bowl,Korea,4.5,
329,Mee Jang,Artificial Beef Flavor,Bowl,Thailand,3.5,
330,Vifon,Phu Gia Instant Bean Thread Chicken,Pack,Vietnam,3.25,
331,Sunlee,Crab Noodle,Bowl,Thailand,4.5,
332,Nongshim,Champong Oriental Noodles,Cup,Korea,3.75,1
333,Nissin,Big Cup Noodles Shrimp,Cup,USA,2.25,
334,Nissin,Big Cup Noodles Beef,Cup,USA,2.125,
335,Goku Uma,Hot & Spicy Beef,Bowl,Japan,3.5,
336,Six Fortune,Instant Noodles With Soup,Pack,Korea,3.5,
337,Maruchan,Ramen Noodle Soup Creamy Chicken,Pack,USA,5,
338,Nissin,Big Cup Noodles Chicken,Cup,USA,2.25,
339,Payless,Xtra Big Chilimansi Pancit Canton,Pack,Philippines,4.5,
340,Shirakiku,Japanese Style Tokusen Shoyu,Pack,Japan,4,
341,Vina Acecook,Daily Vegetarian,Pack,Vietnam,3.75,
342,Nongshim,Shin Big Bowl,Bowl,Korea,3.5,
343,Super Bihun,Goreng Rice Noodles,Pack,Indonesia,4.5,
344,Paldo,Stirfried Kimchi,Pack,Korea,3.75,
345,Myojo,Charumera Shoyu,Pack,Japan,3.5,
346,Paldo,Bowl Noodle Spicy Artificial Chicken,Bowl,Korea,3.125,
347,Sunny Maid,Mi Chay Vegetarian,Pack,Taiwan,1.75,
348,Paldo,Bowl Noodle Kimchi,Bowl,Korea,3.5,1
349,Ottogi,Ramen Bokki,Bowl,Korea,3.25,
350,Nissin,Souper Meal Tomato Garlic Shrimp,Bowl,USA,3.5,
351,Nissin,Top Ramen Picante Beef,Pack,USA,3,
352,Maruchan,Ramen Noodle Soup Chili,Pack,USA,2.75,
353,Nissin,Top Ramen Chili,Pack,USA,3.25,
354,Maruchan,Instant Lunch Chicken 35% Less Sodium,Cup,USA,3,
355,Nongshim,Noodle Lite 275 Udon Mushroom,Bowl,Korea,2.5,
356,Maruchan,Ramen Noodle Soup Roast Beef,Pack,USA,2.75,
357,Payless,Xtra Big Kalamansi Pancit Canton,Pack,Philippines,4,
358,Doll,Spicy Artificial Pork,Pack,Hong Kong,3.75,
359,Nissin,Bowl Noodles Hot & Spicy Beef,Bowl,USA,3.75,
360,Nissin,Cup Noodles Hearty Chicken,Cup,USA,2.5,
361,Tayho,Vermicelli With Pork,Bowl,USA,1.25,
362,Vina Acecook,Daily Hot & Sour With Shrimp,Pack,Vietnam,4.5,
363,Nissin,Demae Iccho Tonkotsu Macaroni,Pack,Japan,3.5,
364,Sao Tao,Noodle King Beef Hong Kong Style,Bowl,Hong Kong,2.5,
365,Nissin,Cup Noodles Prawn,Cup,Singapore,3.25,
366,Payless,Pancit Shanghai,Pack,Philippines,2.75,
367,Saigon Ve Wong,Kung Fu Artificial Chicken,Pack,Vietnam,3.25,
368,Knorr,Chili Pork,Cup,Thailand,3.5,
369,Bon Go Jang,Tofu Udon Dosirak,Tray,Korea,3.75,
370,Fuku,Superior Soup,Pack,Hong Kong,5,
371,Nissin,Chow Noodles Alfredo,Tray,USA,3.75,
372,Noodle Time,Spicy Thai,Bowl,Canada,0.5,
373,Nissin,Cup Noodles Chicken Vegetable,Cup,USA,2.75,
374,Vifon,Asian Style Instant Noodles Shrimp,Pack,Vietnam,3.75,
375,Vifon,Pho Bo Beef Rice Noodle,Pack,Vietnam,0.5,
376,Sau Tao,Noodle King Lobster Thick,Bowl,Hong Kong,2.75,
377,Sau Tao,Ho Fan Abalone Chicken,Bowl,Hong Kong,4,
378,Ve Wong,Hot Of Hots Artificial Satay Beef,Bowl,Taiwan,3.75,
379,Nissin,Chow Mein Thai Peanut,Tray,USA,2.5,
380,Rhee Bros Assi,Pho Vietnamese Noodle Soup,Tray,Korea,3.75,
381,Saigon Ve Wong,Kung Fu Artificial Beef Rice Noodle,Pack,Vietnam,4.25,
382,Lucky Me!,N-Rich Artificial Chicken With Ginger,Pack,Philippines,2.5,
383,Lucky Me!,Chicken Na Chicken,Pack,Philippines,2.75,
384,Nissin,Demae Iccho Tom Yam Goong Macaroni,Pack,Japan,4,
385,Ve Wong,Hot Of Hots Artificial Black Peppered Beef,Bowl,Taiwan,1.25,
386,US Canning,Fu Chang Chinese Noodle Company Pork Seafood,Tray,USA,0,
387,Nissin,Bowl Noodles Rich & Savory Beef,Bowl,USA,3.75,
388,Maruchan,Instant Lunch Cheddar Cheese,Cup,USA,2.75,
389,Mama,Vegetarian Tom Yum,Pack,Thailand,2.75,
390,Menraku,Curry Soba,Bowl,Japan,4,
391,Myojo,Hyoubanya No Chukasoba Oriental,Pack,Japan,4.25,
392,Nissin,Yakisoba Noodles Karashi,Tray,Japan,5,
393,Kamfen,Dried Mix Noodles XO Sauce,Tray,China,2,
394,Paldo,Hwa Cup Hot Spicy,Cup,Korea,3.5,
395,Ottogi,Jin Ramen (Mild),Cup,Korea,3,
396,Vina Acecook,Bestcook Hot spicy Tom Yum Shrimp,Bowl,Vietnam,4.25,
397,Quickchow,Quickie Mami La Paz Batchoy,Cup,Philippines,3,
398,Paldo,Bowl Noodle Beef With Vegetables,Bowl,Korea,3.75,
399,Paldo,Spicy Seafood,Cup,Korea,3.75,
400,Nissin,Cup Noodles Seafood Curry,Cup,Hong Kong,4.25,
401,Myojo,Suudon Desse Soy Sauce,Bowl,Japan,4.25,
402,Sao Tao,Noodle King Scallop Thick,Bowl,Hong Kong,3,
403,Maruchan,Instant Lunch Lime Flavor with Shrimp,Cup,USA,2.25,
404,Vina Acecook,Hao Hao Sate Onion,Pack,Vietnam,3.75,
405,Ibumie,Harmee Prawn,Pack,Malaysia,3.25,
406,Vifon,Asian Style Instant Noodles Beef,Pack,Vietnam,3.75,
407,Ottogi,Snack Ramyon,Cup,Korea,3.5,
408,Gomex,3 Mien Mi Tom Chua Cay Hot sour Shrimp,Pack,Vietnam,2.25,
409,Payless,Instant Mami Chicken,Pack,Philippines,4,
410,Lucky Me!,Instant Bulalo Bone Marrow,Pack,Philippines,3.75,
411,Sunlee,Crab Vermicelli,Bowl,Thailand,3.25,
412,Maruchan,Midori No Tanuki,Bowl,Japan,4.125,
413,Souper,Alimentary Paste Chow Mein,Pack,Taiwan,4.25,
414,Doll,Artificial Beef Flavor,Pack,Hong Kong,2.5,
415,Ve Wong,Artificial Classic Beef,Bowl,Taiwan,3.75,
416,Sapporo Ichiban,Chicken Flavor,Cup,USA,3.75,
417,Vifon,Tu Quy Spicy Beef,Pack,Vietnam,3.5,
418,iNoodle,Udon Noodle Soup Oriental,Pack,Taiwan,3.75,
419,Myojo,Ramen Desse Shio,Bowl,Japan,4.25,
420,Sapporo Ichiban,Beef Flavorc,Cup,USA,3.5,
421,Myojo,Kakesoba Desse Soy Sauce,Bowl,Japan,2.75,
422,Vifon,Mi Lau Thai Thai Stle,Bowl,Vietnam,4,
423,Noodle Time,Shin Cup,Cup,Korea,3,
424,Q,Noodle With Sesame Sauce,Pack,Taiwan,3.25,
425,Chikara,Shrimp Udon,Pack,USA,4.5,
426,Vifon,Tu quy Chicken,Pack,Vietnam,3,
427,Koka,Mi Hai Cua Crab Flavor,Pack,Singapore,5,
428,Kamfen,E Menm Chicken,,China,3.75,
429,Quickchow,Chicken Mami,Pack,Philippines,3.75,
430,Quickchow,Pancit Canton toyo Mansi,Pack,Philippines,5,
431,Unif / Tung-I,Chinese Onion Rice Noodle,Pack,Taiwan,2.75,
432,Ve Wong,Instant Bean Thread Seafood,Bowl,Taiwan,2.5,
433,Lucky Me!,Supreme Bulalo,Bowl,Philippines,3.25,
434,Mi Sedaap,Kari Spesial,Pack,Indonesia,4.5,
435,Mi Sedaap,Mie Sambal Goreng,Pack,Indonesia,4.25,
436,Unif,Artificial Beef With Sauerkraut,Bowl,Taiwan,3.75,
437,Nongshim,Big Bowl Spicy Kimchi,Bowl,Korea,3.25,
438,Samyang,Beef,Bowl,Korea,3.75,
439,Little Cook,Tom Yum Seafood Creamy,Bowl,Thailand,3,
440,Maruchan,Instant Lunch Hot spicy Beef,Cup,USA,2.75,
441,Ottogi,Spice Seafood,Pack,Korea,3.75,
442,Nongshim,Kalguksoo,Pack,Korea,4,1
443,Lucky Me!,N-Rich Chicken Tinola,Pack,Philippines,4,
444,Mr. Udon,Chicken,Pack,Korea,3.25,
445,iNoodle,Taiwan Style Chow Mein,Pack,Taiwan,2.25,
446,Sao Tao,Noodle King Hong Koing Style Wonton,Bowl,Hong Kong,2.25,
447,Ve Wong,Little Prince Bacon,Pack,Vietnam,4.75,
448,Ve Wong,Kung Fu Artificial Sesame Chicken,Bowl,Taiwan,3.75,
449,Wu Mu,Beef Flavor Ramen,Pack,Taiwan,4.5,1
450,Ottogi,Ppushu Ppushu Tteobokki,Pack,Korea,3.25,
451,Myojo,Ippeichan Soybean Paste,Bowl,Japan,4,
452,Myojo,Hyoubanya No Chukasoba Soy Sauce,Pack,Japan,4,
453,Nongshim,Bowl Noodle Savory Chicken,Bowl,USA,3.25,
454,Koyo,Asian Vegetable,Pack,USA,1.5,
455,Baijia,Single Noble Pickled Radish & Duck,Cup,China,0.25,
456,Ve Wong,Kung Fu Artificial Szechuan Pork,Bowl,Taiwan,3.75,
457,Ibumie,Harmee Mee goreng Prawn,Pack,Malaysia,4.5,
458,Ve Wong,Kung Fu Artificial Beef Rice Noodle,Bowl,Taiwan,3.75,
459,Gefen,Imitation Chicken Vegetarian,Pack,USA,3,
460,Menraku,Tempura Udon,Bowl,Japan,5,
461,Samyang,Sutah Hot Spicy Beef,Pack,Korea,3.5,
462,Nissin,Top Ramen Shrimp,Pack,USA,3.5,
463,Ottogi,Ppushu Ppushu Barbecue,Pack,Korea,3,
464,Mama,Vegetable,Pack,Thailand,3.25,
465,Nissin,Souper Meal Picante Shrimp Hot Spicy,Bowl,USA,2.75,
466,Saigon Ve Wong,Kung Fu Rice Noodle Artificial Beef,Bowl,Vietnam,3.5,
467,Vifon,Tu Quy Sour Spicy Shrimp,Pack,Vietnam,1.75,
468,Paldo,Snack Noodle slightly Hot,Pack,Korea,3.75,
469,Gefen,Chicken,Pack,USA,3.5,
470,Maruchan,Ramen Noodle Soup Chicken Mushroom,Pack,USA,3.25,
471,Koyo,Lemongrass ginger,Pack,USA,1.5,
472,Thai Kitchen,Spring Onion Rice Noodle,Bowl,USA,3.75,
473,Myojo,Ramen-Desse Miso Soybean Paste,Bowl,Japan,4.5,
474,Saigon Ve Wong,Kung Fu Rice Noodle Shrimp Crab ,Bowl,Vietnam,3.75,
475,Gefen,Vegetable,Pack,USA,3.25,
476,Annie Chun's,Teriyaki Noodle,Bowl,USA,1.75,
477,Mr. Udon,Malaysian Beef Udon,Pack,Korea,3,
478,Vedan,Mushroom & Artificial Cuttlefish,Pack,Taiwan,1.75,
479,Nongshim,Potato Noodle Soup,Pack,Korea,3.75,
480,Thai Kitchen,Mushroom Rice Noodle,Bowl,USA,3.25,
481,Thai Kitchen,Roasted Garlic Rice Noodle,Bowl,USA,3.75,
482,Menraku,Shio,Bowl,Japan,4.5,
483,Itomen,Yellow Buckwheat,Bowl,Japan,4.5,
484,Ottogi,Bekse Curry Myon,Cup,Korea,4.25,
485,Ottogi,Hot & Spicy Ramen,Cup,Korea,3,
486,Kamfen,Japanese U-Don Lobster Scallop,Pack,China,3,
487,Kailo,Big Bowl Artificial Chicken,Bowl,Hong Kong,2.75,
488,Kailo,Big Bowl Crab ,Bowl,Hong Kong,3.5,
489,JML,Stew Pork,Pack,China,3.25,
490,Foodmon,DJ DOC Instant rice Ramen Topokki,Bowl,Korea,5,
491,JML,Artificial Stew Beef,Pack,China,3.75,
492,Noah Foods,Phoya Rice Noodles Beef,Bowl,Vietnam,2.75,
493,Pulmuone,Fresh Ramen Spicy,Pack,Korea,3,
494,Snapdragon,Tomato Seafood Rice Noodle,Cup,Singapore,3.5,
495,Ottogi,Jin Ramen (Mild),Pack,Korea,3.25,
496,Maruchan,Yakisoba Shrimp,Tray,USA,2.75,
497,Nissin,Demae Iccho Seafood & Abalone Macaroni,Pack,Japan,4,
498,Hsin Tung Yang,Tiny Noodle With Oyster Flavor,Pack,Taiwan,0,
499,Dragonfly,Artificial Beef,Bowl,China,4.75,
500,Mexi-Ramen,Soupless Ramen Shallot Teriyaki,Pack,USA,2.5,
501,Nongshim,Neoguri Mild,Pack,Korea,3.25,
502,Sunlee,Beef Rice Stick,Bowl,Thailand,2,
503,GreeNoodle,Miso,Pack,Thailand,1,
504,Knorr,Pizza,Pack,Pakistan,3,
505,JML,Artificial Spicy Beef,Pack,China,3.5,
506,Nongshim,Oolongmen Beef,Cup,Korea,2.5,
507,Dragonfly,Artificial Seafood,Bowl,China,3.75,
508,Samyang,Beef,Cup,Korea,3.75,
509,Ve Wong,Kung Fu Shrimp,Bowl,Taiwan,4,
510,Snapdragon,Korean Kimchi Rice Noodle,Cup,Singapore,3.75,
511,Menraku,Miso,Bowl,Japan,2.75,
512,Paldo,Big Bowl Noodle,Bowl,Korea,3.75,
513,Dragonfly,Artificial Onion,Bowl,China,4,
514,Shirakiku,Sanukiya Fresh Spicy Ramen,Bowl,Japan,3,
515,Tradition,Imitation Beef,Cup,USA,2.5,
516,Wang,Champong Spicy Seafood,Bowl,Korea,3.5,
517,Thai Kitchen,Thai Ginger Rice Noodle,Pack,USA,4.25,
518,Dragonfly,Artificial Chicken,Bowl,China,4.5,
519,Snapdragon,Beijing Vegetable Rice Noodle,Cup,Singapore,2,
520,Nan Hsing,Vegetarian Rice Noodles,Bowl,Taiwan,0.25,
521,Menraku,Soy Sauce,Bowl,Japan,4.25,
522,Samyang,Hot Beef,Pack,Korea,4.25,
523,Dragonfly,Artificial Hot & Sour Shrimp,Bowl,China,4.5,
524,Nissin,Cup Noodles Spicy Seafood,Cup,Hong Kong,3.75,
525,JML,Artificial Spicy Hot Beef,Pack,China,3.75,
526,Annie Chun's,Soy Ginger Ramen,Pack,USA,1.5,
527,Little Cook,Wheat Gluten Stewed Duck Flavoured,Bowl,Thailand,2.75,
528,Unox,Good Noodles Vegetable,Pack,Holland,3.75,
529,Sapporo Ichiban,Hot Spicy Chicken,Pack,USA,2,
530,Mee Jang,Artificial Shrimp Tom yum,Bowl,Thailand,3.5,
531,Yum Yum,Beef,Pack,Thailand,3.25,
532,Doll,Spicy Tomkotsu,Pack,Hong Kong,4.25,
533,Paldo,Gomtang,Pack,Korea,3,1
534,Mama,Pho Ga,Pack,Thailand,3.1,
535,Wai Wai,Chicken Flavor,Pack,Thailand,0.9,
536,Ottogi,Yeul Ramyun,Pack,Korea,4.25,
537,Mama,Pad Kee Mao Drunken,Pack,Thailand,2,
538,Lucky Me!,Lomi Seafood Vegetable,Pack,Philippines,0.5,
539,Nissin,Demae Ramen Chicken,Pack,Japan,3,1
540,Nissin,Top Ramen Chicken,Pack,USA,2.8,1
541,Yum Yum,Chicken,Pack,Thailand,3.5,
542,Mi Sedaap,Mi SupArtificial Chicken Special,Pack,Indonesia,3,
543,Menraku,Curry Udon,Bowl,Japan,4.75,
544,Unox,Good Noodles Chicken,Pack,Holland,3.5,
545,Golden Wheat,Korean Style Spicy Beef,Pack,China,3.5,
546,Yum Yum,Vegetable,Pack,Thailand,3.5,
547,Lucky Me!,Pancit Canton Sweet Spicy,Pack,Pakistan,5,
548,Pot Noodle,Original Curry,Cup,UK,3.75,
549,Mi Sedaap,Supreme Soto,Pack,Indonesia,4,
550,Nissin,Taisho Fried Noodle Yakisoba,Pack,Japan,4.25,
551,Batchelors,Super Noodles Chicken,Pack,UK,3.25,
552,Super Bihun,Kuah Rasa Baso Sapi Rice Noodles,Pack,Indonesia,3,
553,Samyang,60 Ingredients,Cup,Korea,2.75,
554,Yum Yum,Shrimp Tom Yum Flavor,Pack,Thailand,3.5,
555,Batchelors,Super Noodles Chinese Chow Mein,Pack,UK,2.75,
556,Mi Sedaap,Mi Goreng Perisa Asli,Pack,Indonesia,4.75,
557,Batchelors,Super Noodles Souther Fried Chicken,Pack,UK,3.75,
558,Long Kow,Crystal Noodles Vegetables,Bowl,China,1.5,
559,Wai Wai,Quick Tom Yum Shrimp,Cup,Thailand,3,
560,Myojo,Ippeichan Soy Sauce,Bowl,Japan,4,
561,Sahmyook,Vegetable,Pack,Korea,3.25,
562,Batchelors,Super Noodles Bacon,Pack,UK,4.25,
563,Yum Yum,Duck,Pack,Thailand,3.25,
564,Uni-President,One More Cup Kimchi,Cup,Taiwan,3.75,
565,Batchelors,Super Noodles To Go Curry,Bowl,UK,4,
566,Foodmon,DJ DOC Jjolmyeon,Bowl,Korea,5,
567,Goku Uma,Soy Sauce,Bowl,Japan,3.5,
568,Paldo,Gomtang,Cup,Korea,4,
569,Saigon Ve Wong,Kung Fu Suc Song Artificial Pork,Bowl,Vietnam,3,
570,O Sung,Keopnurungji Rice Snack,Cup,Korea,2.5,
571,Shirakiku,Japanese Style Tokusen Sio,Pack,Japan,3.25,
572,Maruchan,Yakisoba Tomato Basil,Tray,USA,3,
573,Noah Foods,Phoya Chicken,Bowl,Vietnam,2,
574,Maggi,2 Minute Noodles Tricky Tomato,Pack,India,3.75,
575,Batchelors,Super Noodles Barbecue Beef,Pack,UK,3.5,
576,Menraku,Tempura Soba,Bowl,Japan,3.75,
577,Pot Noodle,Chinese Chow Mein,Cup,UK,3,
578,Nongshim,Shin Ramyun Black,Pack,Korea,4.75,2
579,Baijia,Sichuan Pickled Sweet Potato Thread,Pack,China,1.75,
580,Baijia,Hot & Sour Casserole Stewed Rice Noodle,Pack,China,0,
581,Koyo,Mushroom,Pack,USA,2.75,
582,Koyo,Tofu & Miso,Pack,USA,2.5,
583,Vifon,Phu Gia Cua Crab Bean Thread,Pack,Vietnam,2.25,
584,Baijia,Single Noble Black Bone Chicken Sweet Potato Thread,Cup,China,0,
585,Ve Wong,Artificial Onion Flavor Bean Thread,Bowl,Taiwan,1.5,
586,Vedan,Bah Kut Tea Noodle For Vegetarians,Pack,Taiwan,3.25,
587,Sunlight,Steam Vermicelli,Pack,Taiwan,2.1,
588,Vifon,Tu Quy Pork,Pack,Vietnam,2.75,
589,Vifon,Korean Style Kim Chee,Bowl,Vietnam,4.25,
590,Mama,Chand Clear Soup,Bowl,Thailand,3.5,
591,Batchelors,Super Noodles To Go Chinese Space Rib,Bowl,UK,2.5,
592,Batchelors,Super Noodles Mild Curry,Pack,UK,3.25,
593,Nongshim,Chapagetti Chajang,Pack,Korea,3.25,1
594,Haioreum,Asian Style Noodles Seafood,Bowl,Korea,3.5,
595,Thai Kitchen,Spring Onion Rice Noodle,Pack,USA,3.75,
596,Thai Kitchen,Lemongrass Chili Rice Noodle,Pack,USA,1.5,
597,Batchelors,Super Noodles Sweet & sour,Pack,UK,3.5,
598,Little Cook,Vegetarian,Cup,Thailand,3.25,
599,Lucky Me!,Pancit Canton Extra Hot Chili,Pack,Philippines,4,
600,Maruchan,Ramen Noodle Soup Beef,Pack,USA,3.25,
601,Wei Chuan,Tomato Vegetables,Pack,Taiwan,4,
602,Nongshim,Oolongmen Artificial Seafood,Cup,Korea,3.5,
603,Wei Lih,Goog Good Eat Super Ramen Hot Chili,Pack,Taiwan,3.75,
604,Batchelors,Super Noodles Low Fat Chicken Herb,Pack,UK,2,
605,Little Cook,Artificial Onion,Cup,Thailand,3.5,
606,Six Fortune,U-Dong,Pack,Korea,4,
607,Pot Noodle,Beef Tomato,Cup,UK,1.5,
608,Koka,Spicy Black Pepper,Pack,Singapore,5,
609,Wei Wei,"""A"" Series Artificial Hot Beef",Pack,Taiwan,3.75,
610,Wei Wei,"""A"" Series Artificial Chicken",Pack,Taiwan,3.25,
611,Batchelors,Super Noodles Low Fat Sweet Thai Chilli,Pack,UK,2,
612,Maruchan,Yakisoba Spicy Chicken,Tray,USA,1.75,
613,Saigon Ve Wong,Kung Fu Artificial Pork Flavor,Bowl,Vietnam,3,
614,Fuku,Superior Soup Rice Noodle,Pack,Hong Kong,2.5,
615,Yamamori,Tom Yam Prawn,Pack,Japan,4.5,
616,Maggi,2 Minute Noodles Thrillin' Curry,Pack,India,2,
617,Nissin,Demae Iccho Sesame Oil Chicken Macaroni,Pack,Japan,3.75,
618,Pulmuone,Cold Noodles By Dad,Pack,Korea,2.75,
619,Yamamoto,Ponpoko Tempura Udon,Bowl,Japan,4.75,
620,Vifon,Phu Gia Bamboo Shoot Artificial Pork Bean Thread,Pack,Vietnam,1.25,
621,Ottogi,Jin Ramen Big Bowl (Hot),Bowl,Korea,3.5,
622,Daikoku,My Friend Vic Tanuki Udon,Bowl,Japan,4.75,
623,Wei Wei,"""A"" Series Vegetarian",Pack,Taiwan,3.25,
624,Master Kong,Artificial Pork,Pack,China,3.75,
625,Pot Noodle,Bombay Bad Boy,Cup,UK,4,
626,Ottogi,Yeul Hot Taste,Bowl,Korea,3.5,
627,Omachi,Spaghetti,Pack,Vietnam,3.75,
628,Lucky Me!,Supreme La Paz Batchoy Beef Garlic,Bowl,Philippines,3.5,
629,Master Kong,Artificial Braised Beef,Pack,China,4.25,
630,Ve Wong,Kung Fu Artificial Mushroom Pork,Bowl,Taiwan,1.25,
631,Fashion Foods,XO Sauce,Bowl,Thailand,1.25,
632,Mr. Udon,Japanese Miso,Pack,Korea,2.75,
633,Mr. Udon,Seafood Selection,Pack,Korea,3.5,
634,Baijia,Sichuan Hot Pot Sweet Potato Thread,Bowl,China,0.5,
635,Ottogi,Buckwheat Bibim Ramyon,Pack,Korea,1.1,
636,Yamamori,Tom Yam Ramen Pork,Pack,Japan,4.75,
637,Snapdragon,Chinese Mushroom Rice Noodle,Cup,Singapore,2.5,
638,GreeNoodle,Yakisoba,Pack,Thailand,3,
639,Nissin,Gozen Kitsune Udon,Bowl,Japan,5,
640,Master Kong,Artificial Spicy Beef,Pack,China,4.25,
641,Vina Acecook,Hao Hao Shrimp Onion,Pack,Vietnam,3,
642,Little Cook,Spicy Beef,Cup,Thailand,2.75,
643,Wei Chuan,Miso Vegetables,Pack,Taiwan,3.25,
644,Sura,Knife Cut Rice Noodle,Bowl,Korea,3.75,
645,Nongshim,Oolongmen Artificial Chicken,Cup,Korea,3.75,
646,Yamamoto,Shoyu,Bowl,Japan,4.25,
647,Sunlee,Tom Yum Shrimp Noodle,Bowl,Thailand,3.5,
648,Nongshim,Seafood Ramyun,Pack,Korea,3.75,
649,Pot Noodle,Chicken & Mushroom,Cup,UK,3.75,
650,Dragonfly,Artificial Chicken,Pack,China,4,
651,Mi Sedaap,Mi Segera Mi Sup Perisa Kari Ayam,Pack,Indonesia,4,
652,Sapporo Ichiban,Shio,Pack,Japan,5,
653,Dragonfly,Artificial Pork Ribs,Pack,China,4,
654,Mee Jang,Sour Spicy Chicken Tom Yum,Bowl,Thailand,3.25,
655,Cap Atoom Bulan,Mie Telor Asli,Pack,Indonesia,3,
656,Nissin,Ramen Bowl Hot & Spicy,Bowl,USA,3.75,
657,Dragonfly,Onion,Pack,China,3.75,
658,Paldo,Hwa King Cup,Cup,Korea,3.5,
659,Nissin,Ramen Bowl Spicy Shrimp,Bowl,USA,3,
660,Lucky Me!,Beef Na Beef,Pack,Philippines,3.75,
661,Yamamoto,Ponpoko Tempura Soba,Bowl,Japan,4.25,
662,Daikoku,Shokuh Kitsune Udon,Bowl,Japan,4.25,
663,Paldo,Jjajangmen Black Bean,Pack,Korea,4,1
664,Thai Kitchen,Bangkok Curry Rice Noodle,Pack,USA,2.75,
665,Mama,Moo Nam Tok Rice Vermicelli,Pack,Thailand,3.25,
666,Lishan,Black Rooster Chicken,Pack,Taiwan,1.5,
667,Nissin,Ramen Bowl Kimchi,Bowl,USA,3,
668,Saigon Ve Wong,Kung Fu Vegetarian,Bowl,Vietnam,2,
669,Nissin,Gozen Tempura,Bowl,Japan,4,
670,Saigon Ve Wong,Kung Fu Artificial Chicken Rice Noodle,Bowl,Vietnam,3.5,
671,Mug Shot,Spicy Sweet & Sour,Pack,UK,3,
672,Mug Shot,Chicken,Pack,UK,3,
673,Ohsung,Hong Ramyun Soup Soy Peptide Mild,Pack,Korea,3.25,
674,Paldo,Kko Kko Myun,Pack,Korea,5,
675,Samyang,Nagasaki Jjampong,Pack,Korea,4.75,
676,Indomie,Spicy Coconut Shrimp,Pack,Indonesia,4.75,
677,Nongshim,Shin Ramyun Shrimp,Pack,China,4.5,1
678,Wang,Kitsune Udon,Bowl,Korea,4,
679,Mamee,Express Cup Fried Onion Chicken,Cup,Malaysia,3.25,
680,Vina Acecook,Kingcook Shrimp,Pack,Vietnam,2.75,
681,Nongshim,Hearty Rice Noodle Black Bean Vegetable,Pack,Korea,3.75,
682,Indomie,Instant Cup Noodles Mi Goreng Satay,Cup,Indonesia,4.25,
683,Nongshim,Udon Garlic Teriyaki,Pack,Korea,4.75,
684,Dragonfly,Artificial Seafood,Pack,China,3.75,
685,Indomie,Rasa Sup Buntut Oxtail Soup,Pack,Indonesia,2.75,
686,Mi Sedaap,Mi Segera Mi Goreng Perisa Sambal Goreng,Pack,Indonesia,4.5,
687,Nissin,Cup Noodles Xo Sauce Seafood,Cup,Hong Kong,3.75,
688,Ohsung,Hong Ramyun Soy Peptide Hot Spicy,Pack,Korea,3.75,
689,Mee Jang,Noodle Soup Sour Spicy Shrimp Tom Yum,Bowl,Thailand,2.5,
690,Maruchan,Yakisoba Savory Soy Sauce,Tray,USA,3.75,
691,Mamee,Express Cup Vegetarian,Cup,Malaysia,2,
692,Samyang,Assorted Vegetable Ramen,Pack,Korea,3.75,
693,Chewy,Stir Rice Vermicelli Indonesian Gado Gado,Tray,China,2.25,
694,Vina Acecook,Kingcook Chicken,Pack,Vietnam,3.5,
695,JFC,Japanese Style Noodle Curry,Bowl,Japan,4.5,
696,Nissin,Big Cup Noodles Spicy Chicken,Cup,USA,3.5,
697,Nissin,Spoon-it Rich Hearty Savory Chicken,Pack,USA,3.25,
698,Nissin,Chow Mein Orange Chicken,Tray,USA,4,
699,Nissin,Cup Noodles Salsa Picante Shrimp,Cup,USA,3.5,
700,Nissin,Chikin Ramen (Local),Pack,Japan,5,
701,Nissin,Big Cup Noodles Lime Chili Shrimp,Cup,USA,4,
702,Nissin,Demae Ramen Black Garlic Oil Tonkotsu,Pack,Japan,4.5,
703,Nissin,Spoon-it Rich Hearty Beef Stew,Pack,USA,3.75,1
704,Nissin,Chow Mein Chinese Chicken Vegetable,Tray,USA,4,
705,Golden Wheat,Korean Style Beef,Cup,China,3.5,
706,Unif,Man Han Feast Spring Onion Eel,Bowl,Taiwan,4.25,
707,Mee Jang,Noodle Soup Spicy Beef Garlic Onion,Bowl,Thailand,3.25,
708,Wu Mu,Pork Flavor Ramen,Pack,Taiwan,2.75,
709,Nissin,Chow Mein Spicy Chicken,Tray,USA,3.25,
710,Saigon Ve Wong,Kung Fu Mixed Foods,Bowl,Vietnam,2.75,
711,Nongshim,Hearty Rice Noodle Beef,Pack,Korea,4.25,
712,Four Seas,Seaweed,Bowl,Hong Kong,3.25,
713,Nissin,Spoon-it Creamy Chicken,Pack,USA,4,
714,Pulmuone,Nature Is Delicious Spicy,Pack,Korea,3.75,
715,Indomie,Mi Goreng Rendang (Import),Pack,Indonesia,5,
716,Vifon,Hu Tieu Ca Stewed Fish,Bowl,Vietnam,3.75,
717,Nissin,Ramen Bowl Spicy Chicken,Bowl,USA,3.25,
718,Ottogi,Kiss Myon,Pack,Korea,3.75,
719,Nissin,Spoon-it Beef,Pack,USA,3.25,
720,Golden Mie,Chicken Curry,Pack,Dubai,3.75,
721,Nongshim,Bowl Noodle Savory Beef,Bowl,USA,4,
722,Yamamoto,Seafood Ramen,Bowl,Japan,3.5,
723,Indomie,Mi Goreng Barbecue Chicken,Pack,Indonesia,5,
724,Indomie,Curly Noodle With Laksa Chilli,Pack,Indonesia,3.5,
725,Indomie,Mi Goreng Instant Cup Noodles,Cup,Indonesia,5,
726,Indomie,Mi Goreng Cakalang,Pack,Indonesia,4,
727,Indomie,Rasa Empal Gentong,Pack,Indonesia,4,
728,Indomie,Rasa Kari Ayam Medan,Pack,Indonesia,5,
729,Indomie,Mi Goreng Jumbo Beef,Pack,Indonesia,5,
730,Indomie,Rasa Soto Banjar Limau Kulit,Pack,Indonesia,5,
731,Indomie,Rasa Mi Kocok Bandung,Pack,Indonesia,3.25,
732,Indomie,Curly Noodle With Chicken Chilli Paddi,Pack,Indonesia,4.25,
733,Indomie,Rasa Soto Betawi,Pack,Indonesia,4.5,
734,Indomie,Mi Goreng Rasa Ayam Panggang Jumbo (Local),Pack,Indonesia,5,1
735,Ottogi,Odongtong Myon Seafood,Bowl,Korea,2.75,
736,Maruchan,Yakisoba Spicy Vegetable,Tray,USA,3.25,
737,Gau Do,Chicken Shrimp,Pack,Vietnam,2.5,
738,Nissin,U.F.O. Yakiosoba,Bowl,Japan,3.75,
739,JML,Artificial Spicy Beef,Bowl,China,3.5,
740,Indomie,Mi Goreng Sate (Local),Pack,Indonesia,5,
741,Wei Lih,Good Good Eat Super Ramen Vegetable,Pack,Taiwan,2.75,
742,Golden Mie,chicken,Pack,Dubai,3.25,
743,Mamee,Express Cup Tom Yum,Cup,Malaysia,3.75,
744,Payless,Instant Mami Beef,Pack,Philippines,3.25,
745,Nongshim,Jinjja Jinjja,Pack,Korea,4.75,4
746,JML,Artificial Mushroom Chicken,Bowl,China,1.25,
747,Nissin,Spoon-it Chicken,Pack,USA,3.5,
748,Hosoonyi,Naengmyeon Combo,Bowl,USA,3.75,
749,Sapporo Ichiban,Chow Mein (New),Pack,USA,5,
750,Nongshim,Bowl Noodle Spicy Kimchi (New),Bowl,USA,3.75,
751,Nongshim,Shin Ramyun Black Onion,Cup,Korea,5,
752,Nongshim,Bowl Noodle Savory Tempura Udon,Bowl,USA,3.5,
753,Nongshim,Soba,Pack,Korea,4.25,
754,Nongshim,Ansungtangmyun (US Version),Pack,USA,3.75,
755,Nongshim,Udon ,Bowl,Korea,4.25,
756,Daikoku,Bikkuchigekara Big Chige,Bowl,Japan,3.75,
757,Indomie,Mi Goreng Vegan,Pack,Indonesia,4.25,
758,JML,Artificial Stew Pork,Bowl,China,3.25,
759,Nongshim,Bowl Noodle Savory Lobster (New),Bowl,USA,3.75,
760,Nissin,Big Cup Noodles Roast Chicken,Cup,USA,3.25,
761,Thai Kitchen,Garlic Vegetable Rice Noodle,Pack,USA,3.5,
762,Long Kow,Kimchi Pickle Bean Vermicelli,Pack,Taiwan,1.5,
763,Maggi,2 Minute Noodles Tricky Tomato,Pack,India,3.25,
764,Sempio,Seafood Noodle Cup,Bowl,Korea,3.5,
765,Super Bihun,Kuah Rice Noodles,Pack,Indonesia,4.5,
766,Fashion Foods,Beef Pho,Bowl,Thailand,3.75,
767,Fashion Foods,Mushroom Vegetarian,Bowl,Thailand,1.75,
768,Fashion Foods,Oriental,Bowl,Thailand,0.25,
769,Nissin,Cup Noodles Shrimp Picante Style,Cup,USA,3.25,
770,Kailo,Chicken,Pack,Hong Kong,3.5,
771,Mi Sedaap,Mi Kuah Rasa Ayam Bawang,Pack,Indonesia,4,
772,Nongshim,Bowl Noodle Hot & Spicy Beef (New),Pack,USA,3.5,
773,Little Cook,TVP Stewed Pork,Bowl,Thailand,3.5,
774,Indomie,Rasa Sup Sayuran Vegan,Pack,Indonesia,2.25,
775,JML,Seafood,Bowl,China,3,
776,Sarimi,Isi 2 Rasa Kari spesial,Pack,Indonesia,3.75,
777,Mr. Noodles,Oriental,Pack,Canada,2.75,
778,Mamee,Express Cup Curry,Cup,Malaysia,2.5,
779,Indomie,Mi Goreng Kriuuk Ayam,Pack,Indonesia,3.75,
780,Ottogi,Jin Ramen (Mild) (Import),Pack,Korea,3.5,
781,Vina Acecook,Kingcook Beef,Pack,Vietnam,3,
782,Nongshim,Bowl Noodle Savory Shrimp (New),Bowl,USA,3.25,
783,Nissin,Cup Noodles Salsa Picante Chicken,Cup,USA,3,
784,Hankow,Cai Lin Ji Dry Noodles,Tray,China,3.25,
785,Sarimi,Isi 2 Rasa Soto,Pack,Indonesia,3.5,
786,Mr. Noodles,Beef,Pack,Canada,3,
787,Emart,Ramen E Ramen White Broth,Pack,Korea,5,
788,Uni-President,100 Beef With Sauerkraut,Pack,Taiwan,4.75,
789,SuperMi,GoKar,Pack,Indonesia,4,
790,GreeNoodle,Shiitake & Soy Sauce,Pack,Thailand,1.5,
791,Acecook,Super Big Ramen Tonkotsu,Bowl,Japan,1,
792,Nongshim,Bowl Noodle Spicy Chicken (New),Bowl,USA,4.5,
793,Mr. Noodles,Spicy Beef,Pack,Canada,1.75,
794,Sarimi,Soto Koya Jeruk Nipis,Pack,Indonesia,4.75,
795,Master Kong,Red Oil Dan Dan,Tray,China,2.75,
796,Vina Acecook,Kingcook Vegetable,Pack,Vietnam,3,
797,Golden Mie,Vegetable,Pack,Dubai,3.75,
798,Golden Wheat,Korean Style Pork,Cup,China,3,
799,Nongshim,Bowl Noodle Savory Chicken (New),Bowl,USA,4.25,
800,Mr. Noodles,Chicken,Pack,Canada,3,
801,Gau Do,Hot Sour Shrimp,Pack,Vietnam,3.75,
802,Sarimi,Isi 2 Mi Goreng Rasa Ayam Kecap,Pack,Indonesia,4.5,
803,Master Kong,Premium Taste Roasted Beef,Bowl,China,4,
804,Little Cook,Abalone Chicken,Cup,Thailand,1.75,
805,Acecook,Super Big Ramen Soy Sauce,Bowl,Japan,1.25,
806,Ohsung,Hot Spicy Bowl With Soy Peptide,Bowl,Korea,3.5,
807,SuperMi,Super Rasa Ayam Bawang,Pack,Indonesia,4,
808,Kim's Bowl,Vegetarian Tom Yum,Bowl,Thailand,3.5,
809,Nongshim,Neoguri Mild (Korea),Pack,Korea,4,
810,ABC,Selera Pedas Mi Goreng Hot Chicken Lemon,Pack,Indonesia,4.25,
811,Mr. Noodles,Vegetable,Pack,Canada,1.75,
812,Master Kong,Spicy Beef,Pack,China,3.75,
813,Mr. Noodles,Spicy Chicken,Pack,Canada,2,
814,Indomie,Beef,Pack,Indonesia,3.5,
815,Chencun,Stewde Chicken Of Mushroom,Cup,China,3.25,
816,Vina Acecook,Oh! Ricey Phnom Penh Rice Noodle,Pack,Vietnam,3.75,
817,Souper,Bowl Ramen Shrimp,Bowl,Taiwan,3.75,
818,SuperMi,Sedaaap Mi Kuah Rasa Soto,Pack,Indonesia,4,
819,Maruchan,Tempura Soba,Pack,Japan,4,
820,Sunlee,Tom Yum Shrimp Rice Stick,Bowl,Thailand,3.75,
821,Master Kong,Potatoes & Stewed Beef,Pack,China,5,
822,Paldo,Speed King Bowl (Prototype),Bowl,Korea,3.5,
823,Paldo,Kokomen Spicy Chicken,Pack,Korea,5,
824,Paldo,Bibim Men Cucumber,Pack,Korea,5,
825,Paldo,Shoyu,Cup,Japan,3.25,
826,Paldo,Namja,Pack,Korea,5,
827,Paldo,Rabokki,Pack,Korea,4.75,
828,Paldo,Seolleongtangmyeon,Pack,Korea,3.5,
829,Paldo,Kko Kko Myun King Cup,Bowl,Korea,4.75,
830,Seven-Eleven,Seven & I Shoyu,Cup,Japan,4.5,
831,Vifon,Instant Porridge Chicken,Pack,Vietnam,3.25,
832,Dragonfly,Mee Goreng Dry Ramen Noodles,Pack,China,3.75,
833,Wai Wai,Vegetarian,Pack,Thailand,3.5,
834,Indomie,Mi Goreng Kriuuk Pedas,Pack,Indonesia,3.75,
835,Mr. Noodles,Shrimp,Pack,Canada,2.5,
836,Binh Tay,Mi Chay Vegetarian,Pack,Vietnam,3.5,
837,Nissin,Top Ramen Cucharealo Picante Chicken,Pack,USA,4.5,
838,Sarimi,Soto Koya Gurih,Pack,Indonesia,4,
839,CJ CheilJedang,Mild Bean Curd Stew,Cup,Korea,2,
840,Chewy,Stir Rice Vermicelli Singaporean Laksa,Tray,China,3.75,
841,Nongshim,Chapagetti (Korean),Pack,Korea,4,
842,JML,Artificial Stew Beef,Bowl,China,3.75,
843,Nissin,Top Ramen Short Cuts Beef,Pack,USA,3.5,
844,Maggi,2 Minute Noodles Perencah Asam Laksa,Pack,Malaysia,4,
845,Nongshim,Doong Ji Cold Noodle Chilled Broth,Pack,Korea,4.25,
846,Vifon,Mi Kim Chee,Pack,Vietnam,3.75,
847,Itomen,Sansai Soba Edible Wld Plant,Bowl,Japan,3.25,
848,Golden Wheat,Korean Style Spicy Pork,Cup,China,3.5,
849,Nissin,Top Ramen Cucharealo Tomato Chicken,Pack,USA,3.5,1
850,Nissin,Top Ramen Short Cuts Chicken,Pack,USA,4,
851,Dragonfly,Artificial Pork Ribs,Bowl,China,3.5,
852,SuperMi,Sedaaap Mi Kuah Rasa Kari Ayam,Pack,Indonesia,4,
853,Dongwon,RaUdong Unfried Noodle With Kimchi,Bowl,Korea,4.5,
854,Long Kow,Crystal Noodles Hot & Sour,Bowl,China,3.5,
855,Vina Acecook,Bestcook Hot & Sour Shrimp,Bowl,Vietnam,4.25,
856,Little Cook,Mushroom Vegetarian,Bowl,Thailand,4.75,
857,Sempio,Seafood Vermicelli Anchovy,Bowl,Korea,4.25,
858,Indomie,Rasa Mi Cakalang,Pack,Indonesia,4.5,1
859,Tradition,Imitation Chicken Vegetarian,Cup,USA,3.75,
860,Baijia,Artificial Pickled Cabbage Fish,Pack,China,2.75,
861,Vina Acecook,Jhao Hao Mi Chay Vegetarian,Pack,Vietnam,3.25,
862,Nissin,Top Ramen Short Cuts Roast Chicken,Pack,USA,4.25,
863,Indomie,Special Fried Curly Noodle (Local),Pack,Indonesia,5,
864,Unif / Tung-I,Chinese Spices Tong Tsai Bean Vermicelli,Pack,Taiwan,3.5,
865,Little Cook,Stewed Duck,Cup,Thailand,3,
866,Master Kong,Mianba,Pack,China,4,
867,Indomie,Rasa Coto Makassar,Pack,Indonesia,4,
868,CJ CheilJedang,Katsuobushi Udon,Bowl,Korea,3.75,
869,Vina Acecook,Good Chicken Bean Vermicelli,Pack,Vietnam,3.25,
870,SuperMi,Mi Keriting Rasa Ayam Bawang,Pack,Indonesia,3.75,
871,Dragonfly,Artificial Hot & Sour Shrimp,Pack,China,4,
872,Nongshim,Chapagetti,Bowl,USA,5,
873,Vifon,Viet Rice Noodles Chicken,Pack,Vietnam,3.5,
874,Fuji Mengyo,Nabeyaki Udon,Bowl,Japan,3.5,
875,Sunlee,Artificial Chicken Rice Vermicelli,Bowl,Thailand,2.5,
876,Sarimi,Soto Koya Pedasss,Pack,Indonesia,3.25,
877,Nongshim,Shin Bowl (New),Bowl,USA,4.25,
878,Nissin,Top Ramen Short Cuts Lime Chili,Pack,USA,3.75,
879,Song Hak,Rice Topokki,Bowl,Korea,5,
880,Golden Wheat,Korean Style Seafood,Cup,China,2.75,
881,Han's Korea,Rice Noodle With Hot & Spicy,Tray,Korea,3.25,
882,SuperMi,GoBang,Pack,Indonesia,5,
883,Yamachan,Shio Ramen Seafood Mild,Pack,USA,4.5,
884,Yamachan,Miso Ramen - Mild,Pack,USA,4,
885,Yamachan,Miso Ramen Rich Sapporo Miso,Pack,USA,5,
886,Yamachan,Tonkotsu-Shoyu Rich Pork Flavor Ramen,Pack,USA,4.75,
887,Yamachan,Cold Noodles With Lemon Soy Dressing,Pack,USA,4,
888,Yamachan,Nagasaki Sara Udon Chicken ,Pack,USA,4.25,
889,Yamachan,Rich Shoyu Ramen,Pack,USA,4,
890,Unif / Tung-I,Mushroom Flavor Ramen Noodles,Pack,Vietnam,3.5,
891,Vina Acecook,Hao Hao Mushroom,Pack,Vietnam,2.75,
892,ABC,Selera Pedas Hot Tomato Soup Flavor,Pack,Indonesia,4.5,
893,Paldo,Bowl Noodle Shrimp Flavor,Bowl,Korea,3.25,
894,Han's Korea,Rice Noodle With Kimchi Flavored Soup,Tray,Korea,3,
895,SuperMi,Sedaaap Mi Goreng,Pack,Indonesia,5,
896,Vina Acecook,Good Tomyum Kung Bean Vermicelli,Pack,Vietnam,3.5,
897,FMF,Chow Masala,Pack,Fiji,4,
898,Long Kow,Crystal Noodles Savory Shoyu,Cup,China,1.5,
899,FMF,Chow Tomato ,Pack,Fiji,4.25,1
900,Maruchan,Instant Lunch Chicken,Cup,USA,3.5,
901,Sarimi,Rasa Ayam Bawang,Pack,Indonesia,3.5,
902,Sunlee,Pho Bo Beef Flavour Rice Stick,Bowl,Thailand,3.25,
903,Han's Korea,Rice Noodle With Seafood Flavored Soup,Tray,Korea,3.5,
904,Myojo,Ippei-chan Yomise-No Yakisoba Oriental,Tray,Japan,4.75,
905,Tradition,Vegetable Instant Noodle soup,Cup,USA,3.25,
906,Daddy,Kari 365 Curry Flavour,Pack,Malaysia,5,
907,Nongshim,Neoguri Spicy Seafood,Cup,Korea,4,
908,Sapporo Ichiban,Original Flavor,Cup,USA,3.5,
909,Indomie,Kriuuk Bawang,Pack,Indonesia,4.25,
910,Paldo,Namja Ramyun,Bowl,Korea,4.25,1
911,Nissin,Top Ramen Cucharealo Habanero Shrimp,Pack,USA,3.75,
912,Maruchan,Instant Lunch Shrimp,Cup,USA,3.75,
913,Nongshim,Spicy Shrimp Cup Ramyun,Cup,Korea,4.25,
914,Nissin,Ramen Shop Sapporo Miso,Pack,Japan,4,
915,Wai Wai,Casserole Beef Flavour,Pack,Thailand,3.5,
916,Goku Uma,Seafood Flavor Japanese Noodles,Bowl,Japan,4.25,
917,Vina Acecook,Good Chicken Abalone Bean Vermicelli,Pack,Vietnam,3.25,
918,Nongshim,Tempura Udon Flavor Cup Ramyun,Cup,Korea,4.5,
919,Maruchan,35% Less Sodium Beef,Pack,USA,3.5,
920,Shirakiku,Hot & Spicy Udon,Pack,USA,3,
921,Ottogi,Jjajang Bokki,Bowl,Korea,3.5,
922,Sunlee,Shitake Mushroom Vernicalli,Bowl,Thailand,1.25,
923,Ibumie,LadMee Hot Pepper,Pack,Malaysia,3.5,
924,Maruchan,35% Less Sodium Chicken,Pack,USA,3.75,
925,Emart,Dare You! Habanero Ramen,Pack,Korea,3.75,1
926,Ibumie,VegeMee Vegetarian Flavour,Pack,Malaysia,2.75,
927,Paldo,Kokomen Spicy Chicken,Bowl,Korea,4.75,
928,Kamfen,Dried Mix Noodles Artificial Spicy Pork,Tray,China,4,
929,Vina Acecook,Good Artificial Minced Pork Bean Vermicelli,Pack,Vietnam,3.75,
930,Maruchan,35% Less Sodium Beef,Cup,USA,3.5,
931,Kamfen,dried Mix Noodles Soya Bean Paste,Tray,China,3.75,
932,Paldo,Namja Ramen (USA version),Pack,Korea,5,
933,Paldo,Kokomen Spicy Chicken,Cup,Korea,4.5,
934,Nongshim,Jinjja Jinjja Flamin' Hot & Nutty,Pack,USA,5,
935,Maruchan,Beef,Cup,USA,3.5,
936,Yamachan,Mild Tonkotsu,Pack,USA,5,
937,Mama,Shrimp (TOM YUM),Pack,Thailand,3.75,